SKU,
22450,
22451,
22452,
22453,
22460,
22461,
22462,
22463,
22480,
22481,
22482,
22470,
22471,
22472,
21073,
21074,
31036,
21061,
31035,
21062,
21063,
21064,
22065,
31042,
31045,
31051,
1039,
1041,
1037,
1044,
1087,
1048,
21045,
21049,
12099,
11049,
11036,
11068,
11069,
12095,
12090,
12091,
12092,
12096,
12097,
22087,
22097,
31145,
22084,
22088,
11073,
11074,
11075,
11007,
11008,
11009,
12026,
12046,
12067,
12031,
12033,
22020,
32054,
32062,
12032,
12035,
12079,
12050,
12051,
12052,
12055,
12056,
12057,
12058,
12060,
12049,
12070,
12071,
12072,
12075,
12076,
12077,
12074,
12010,
12011,
12012,
12017,
12018,
12019,
12020,
12016,
22202,
22203,
22204,
22205,
21024,
22016,
21038,
22007,
22035,
21035,
22030,
22060,
91519,
91530,
91531,
91523,
91010,
91020,
91024,
91025,
91027,
91036,
91067,
91038,
91031,
91030,
91040,
91050,
91060,
91073,
91075,
91078,
44120,
44128,
44129,
44130,
44135,
44131,
44132,
44207,
44137,
44138,
44208,
44341,
44347,
44348,
44422,
44423,
44302,
44308,
44316,
44401,
44410,
44412,
44424,
44425,
52248,
52249,
52250,
52350,
52254,
52252,
52304,
52305,
52306,
52330,
52332,
52334,
52322,
52329,
52310,
52308,
52238,
52268,
52291,
71007,
71009,
71008,
71013,
71018,
71017,
72030,
72031,
72033,
72034,
72035,
71198,
71210,
71213,
72370,
72372,
72373,
71230,
71232,
71234,
71250,
71252,
71256,
71258,
71260,
72322,
72323,
72325,
72326,
71332,
71331,
71332,
71333,
71336,
72332,
72333,
72335,
72336,
71404,
71406,
71401,
71403,
71405,
71407,
71390,
71391,
71340,
71341,
71346,
71347,
71348,
72250,
72251,
72252,
72253,
72254,
72255,
71237,
71238,
71239,
71240,
93480,
93481,
82052,
82050,
93612,
82051,
93607,
93524,
93316,
93317,
93318,
93319,
93320,
93323,
93325,
93328,
93326,
93420,
93421,
93422,
93423,
93424,
93425,
93426,
93529,
93428,
93430,
93431,
93432,
93433,
93434,
93435,
93436,
93450,
93451,
93452,
93453,
93454,
93230,
94182,
93235,
94119-10,
94119-A,
94315,
94123,
94124,
94105,
94107,
93623,
93624,
93619,
94119-10,
94119-A,
94315,
94123,
94124,
94105,
94107,
93623,
93624,
93619,
93614,
93617,
44400,
44405,
44406,
44413,
44414,
94220,
94221,
94222,
94246,
94247,
94248,
94249,
94250,
94251,
94252,
94253,
94243,
94244,
21024-ACC,
94306,
94307,
94308,
94303,
94305,
93405,
93406,
93407,
93408,
93419,
93402,
93618,
93644,
93646,
93622,
93625,
93633-A,
93635-A,
93640,
94175,
94242,
94245,
94241,
94240,
93664,
93665,
93664,
93665,
81057,
81055,
81038,
81036,
81037,
81035,
93691,
93653-A,
94112-A,
94115-A,
93527,
93571,
93573,
93661,
93668,
51630,
51635,
93781,
94224,
94239,
94213,
94214,
94218,
94219,
94503,
94217,
94502,
94290,
94216,
94501,
94213,
94214,
94218,
94219,
94503,
94217,
94502,
94290,
94216,
94501,
94286,
94203,
94189,
94187,
93609,
94018,
94016,
94020,
94021,
94022,
94023,
94024,
94055,
94050,
94051,
94052,
94053,
94054,
94035,
94036,
94037,
94038,
94256,
93503,
18763,
18771,
18768,
18774,
93585,
18769,
18778,
18782,
93981,
93982,
93999,
94005,
94006,
94008,
93969,
93973,
93920,
18775,
44426,
93919,
93923,
93648,
93666,
94155-A,
94255,
93514,
93522,
93711,
93708,
94003,
94004,
94028,
94025,
94026,
94030,
94027,
94031,
93575,
93576,
93588,
93722,
93704,
93524,
93669,
